1,Isaac Childres
2,Rob Daviau
3,Matt Leacock
4,Vlaada Chvátil
5,Jacob Fryxelius
6,Ananda Gupta
7,Jason Matthews
8,Corey Konieczka
9,Jamey Stegmaier
10,Jens Drögemüller
11,Helge Ostertag
12,Alexander Pfister
13,Ludovic Roudy
14,Bruno Sautter
15,Stefan Feld
16,Antoine Bauza
17,Bruno Cathala
18,Roberto Di Meglio
19,Marco Maggi
20,Francesco Nepitello
21,Uwe Rosenberg
22,Andreas Seyfarth
23,Morten Monrad Pedersen
24,Alan Stone
25,Nate French
26,Matthew Newman
27,Nikki Valens
28,Mac Gerdts
29,Eric M. Lang
30,Chris Cantrell
31,Rick Ernst
32,Stone Librande
33,Prashant Saraswat
34,Nathan Tiras
35,Justin Kemppainen
36,Jonathan Ying
37,Reiner Stockhausen
38,Jeroen Doumen
39,Joris Wiersinga
40,Friedemann Friese
41,Dane Beltrami
42,Christian T. Petersen
43,Touko Tahkokallio
44,Adam Poots
45,Martin Wallace
46,Ignacy Trzewiczek
47,Simone Luciani
48,Daniele Tascini
49,Richard Garfield
50,Lukas Litzsinger
51,Michael Kiesling
52,Sebastian Bleasdale
53,Richard Breese
54,R. Eric Reuss
55,William Attia
56,Peggy Chassenet
57,Manuel Rozoy
58,Thomas Lehmann
59,Peter Lee
60,Rodney Thompson
61,Chad Jensen
62,Wolfgang Kramer
63,Richard Ulrich
64,Juma Al-JouJou
65,Donald X. Vaccarino
66,Wei-Hwa Huang
67,Paul Dennen
68,Jason Little
69,Jonathan Gilmour
70,Isaac Vega
71,Raymond Edwards
72,Suzanne Goldberg
73,Gary Grady
74,Sébastien Dujardin
75,Xavier Georges
76,Alain Orban
77,Vital Lacerda
78,Reiner Knizia
79,Helmut Ohley
80,"Leonhard ""Lonny"" Orgler"
81,Gord!
82,(Uncredited)
83,Richard Amann
84,Viktor Peter
85,Dávid Turczi
86,Jacques Bariot
87,Guillaume Montiage
88,Daniel Clark (I)
89,Adam Sadler
90,Kevin Wilson
91,Bernd Brunnhofer
92,Matúš Kotry
93,Ted Alspach
94,Samuel Bailey
95,James Kniffen
96,Thiago Aranha
97,Guilherme Goulart
98,Fred Perret
99,Don Eskridge
100,Robert Dougherty
101,Darwin Kastle
102,Ben Cichoski
103,Daniel Mandel
104,Jesús Torres Castro
105,Rüdiger Dorn
106,Alan R. Moon
107,Glenn Drover
108,Richard Borg
109,Rustan Håkansson
110,Nina Håkansson
111,Einar Rosén
112,Robert Rosén
113,Roberto Fraga
114,Yohan Lemonnier
115,Bill Eberle
116,Jack Kittredge
117,Bill Norton
118,Peter Olotka
119,Ted Raicer
120,Hisashi Hayashi
121,Virginio Gigli
122,Sébastien Pauchon
123,Ole Steiness
124,Andreas Steding
125,Raphaël Guiton
126,Jean-Baptiste Lullien
127,Nicolas Raoult
128,Inka Brand
129,Markus Brand
130,Marc André
131,Scot Eaton
132,Michael Keller (II)
133,"Andreas ""ode."" Odendahl"
134,Christian Martinez
135,Jens Christopher Ulrich
136,Urs Hostettler
137,Devin Low
138,Shem Phillips
139,Dirk Henn
140,Ludovic Maublanc
141,Kris Burm
142,Robert A. Kouba
143,Cédrick Chaboussit
144,Klaus-Jürgen Wrede
145,Mark Simonitch
146,Bryan Pope
147,Benjamin Pope
148,Matt Calkins
149,Colby Dauch
150,Phil Walker-Harding
151,Ryan Laukat
152,Ed Carter
153,Carl Chudyk
154,Andreas Steiger
155,Adrian Adamescu
156,Daryl Andrews
157,Andreas Pelikan
158,Oleksandr Nevskiy
159,Oleg Sidorenko
160,Christian Leonhard
161,Flaminia Brasini
162,Régis Bonnessée
163,Cody Miller
164,Tory Niemann
165,Jean-Louis Roubira
166,Francis Tresham
167,Tobey Ho
168,Ed Beach
169,Kevin Riley
170,Frank Brooks
171,Stephen Hand
172,Michał Oracz
173,Jakub Wiśniewski
174,Shimpei Sato
175,Gabriele Mari
176,Gianluca Santopietro
177,Philippe Keyaerts
178,Karl-Heinz Schmiel
179,Mike Boxleiter
180,Tommy Maranges
181,Max Temkin
182,Bruno Faidutti
183,Croc
184,Jervis Johnson
185,Matthias Cramer
186,Louis Malz
187,Stefan Malz
188,Tim Fowers
189,Kasper Aagaard
190,Christian Marcussen
191,D. Brad Talton
192,Jr.
193,Carl de Visser
194,Jarratt Gray
195,John Yianni
196,Tom Jolly
197,Luke Laurie
198,Emerson Matsuuchi
199,Sid Sackson
200,Don Greenwood
201,Jerry Hawthorne
202,Seiji Kanai
203,Brandon Tibbetts
204,Sandy Petersen
205,Lincoln Petersen
206,Richard Halliwell
207,Julian Courtland-Smith
208,Scott Almes
209,Michael Rieneck
210,Stefan Stadler
211,Chris Dupuis
212,Dominic Crapuchettes
213,Dmitry Knorre
214,Sergey Machin
215,Paolo Mori
216,Richard Launius
217,Alex Davy
218,Brady Sadler
219,Sérgio Halaban
220,André Zatz
221,Nuno Bizarro Sentieiro
222,Paulo Soledade
223,François Gandon
224,Etienne Espreman
225,Wolfgang Panning
226,Marco Ruskowski
227,Marcel Süßelbeck
228,Beau Beckett
229,Jeph Stahl
230,Richard Sivél
231,Kevin Lanzing
232,Stefan Dorra
233,Andrew Veen
234,Akihisa Okui
235,Andrea Chiarvesio
236,Luca Iennaco
237,Stephen Baker
238,Craig Van Ness
239,Christopher Badell
240,Paul Bender
241,Adam Rebottaro
242,Aaron Dill
243,John Kovaleski
244,Sean Sweigart
245,Christophe Boelinger
246,Jason C. Hill
247,Brett Sobol
248,Seth Van Orden
249,Klaus Teuber
250,Acchittocca
251,Stefano Luperto
252,Antonio Tinto
253,Forrest-Pruzan Creative
254,Kami Mandell
255,Andrew Wolf
256,Keith Matejka
257,Mike Selinker
258,Chad Brown
259,Tanis O'Connor
260,Paul Peterson
261,Gaby Weidling
262,Michael Menzel
263,Fabien Riffaud
264,Juan Rodriguez
265,Steve Finn
266,Michael Adams
267,Peter Sarrett
268,Volko Ruhnke
269,Christophe Raimbault
270,Brian Lewis
271,Asger Harding Granerud
272,Chuck D. Yager
273,Tom Dalgliesh
274,Jerry Taylor
275,Kota Nakayama (中山 宏太)
276,Brian Mayer
277,Anthony J. Gallela
278,Eric Goldberg
279,Kevin Maroney
280,Zev Shlasinger
281,Tim Flanders
282,Annie VanderMeer Mitsoda
283,Greg Spyridis
284,Jean du Poël
285,Matthew Dunstan
286,Brett J. Gilbert
287,Serge Laget
288,Edward Bolme
289,Mike Elliott
290,Mark Wootton
291,Hjalmar Hach
292,Charles Chevallier
293,Adam Carlson
294,Josh J. Carlson
295,Frédéric Henry
296,Pascal Bernard
297,Laurent Pouchain
298,Vladimír Suchý
299,Tim Puls
300,Kasper Lapp
301,Peter Hawes
302,Charlie Catino
303,Steven Kimball
304,Jérôme Ropert
305,Tony Boydell
306,Karen Seyfarth
307,Richard Berthold
308,Robert Haines
309,Markus Lübke
310,James Ernest
311,Benoit Vogt
312,Dan Cassar
313,Jay Cormier
314,Sen-Foong Lim
315,Harry Wu
316,Grant Rodiek
317,Michał Walczak
318,Karsten Hartwig
319,Mike Fitzgerald
320,Eric Zimmerman
321,Phil Eklund
322,Matt Eklund
323,Jim Gutt
324,Rikki Tahta
325,Peter Prinz
326,Steffen Bogen
327,Courtney F. Allen
328,John D. Clair
329,Bowen Simmons
330,Bruce Allen
331,Thorsten Gimmler
332,Uwe Eickert
333,Alexandr Ushan
334,Jeremy Holcomb
335,Stephen McLaughlin
336,Marco Canetta
337,Stefania Niccolini
338,Malcolm Braff
339,Yoann Levet
340,Bryan Kinsella
341,Ethan Pasternack
342,Stefano Castelli
343,Andrea Crespi
344,Lorenzo Silva
345,Craig Besinque
346,Ken Dunn
347,Marcel-André Casasola Merkle
348,Henry Stern
349,Ted Torgerson
350,Orin Bishop
351,Mark Herman
352,Kristian Amundsen Østby
353,Bruce Glassco
354,Bill McQuillan
355,Teeuwynn Woodruff
356,Seth Jaffee
357,Laurent Lavaur
358,Eric Randall
359,Vangelis Bagiartakis
360,Hervé Rigal
361,Tim Uren
362,Hervé Marly
363,Jim Krohn
364,John Foley
365,Kai Jensen
366,Trey Chambers
367,Thomas Vande Ginste
368,Wolf Plancke
369,Adam Kałuża
370,Ben Rosset
371,Shadi Torbey
372,Michael Palm
373,Lukas Zach
374,Alex Hague
375,Justin Vickers
376,Andreas Schmidt
377,Mikkel Bertelsen
378,Gil d'Orey
379,Patrick Leder
380,David Somerville
381,Matthew O'Malley
382,John H. Butterfield
383,John Hill (I)
384,Michael Schacht
385,Jeff Grossman
386,Gavan Brown
387,Matt Tolman
388,Chris Nelson
389,Harold Vanderbilt
390,Alex Rockwell
391,John Fiorillo
392,Justin Gary
393,Daniel Skjold Pedersen
394,Allan B. Calhamer
395,Simone Romano
396,Nunzio Surace
397,BakaFire
398,Chris Cieslik
399,Fran Diaz
400,Aaron Weissblum
401,Ed Marriott
402,Andrew Parks
403,Pierluca Zizzi
404,Bernard Tavitian
405,Gaëtan Beaujannot
406,Jean Yves Monpertuis
407,Claudia Hely
408,Roman Pelek
409,Bill Slavicsek
410,Brian M. Kibler
411,Peer Sylvester
412,Greg Daigle
413,Michiel Justin Elliott Hendriks
414,Kane Klenko
415,Wolfgang Sentker
416,Ralf zur Linde
417,Jeff Horger
418,Carla Horger
419,Lewis Pulsipher
420,Brent Keith
421,Marc Paquien
422,Filip Neduk
423,Jun Sasaki
424,Goro Sasaki
425,Gil Hova
426,Alan Roach
427,Sir John Suckling
428,Ghislain Masson
429,Isaias Vallejo
430,Gerd Fenchel
431,Eilif Svensson
432,Alain Rivollet
433,Christopher Chung
434,Alex Randolph
435,Doug Eckhart
436,Franz-Benno Delonge
437,Thomas Ewert
438,Brent Povis
439,John Goodenough
440,Richard Hamblen
441,David Sanders
442,Carey Grayson
443,Randy Nash
444,Rick Soued
445,Brad Andres
446,Gary Dicken
447,Steve Kendall
448,Phil Kendall
449,Scott Frisco
450,Steven Strumpf
451,Gordon Lamont
452,Fraser Lamont
453,Stefan Risthaus
454,Joshua Buergel
455,Dana Lombardy
456,none
457,Rob Heinsoo
458,Mike Mearls
459,David Short
460,Chris Taylor (I)
461,Jim Lin
462,Gregory Marques
463,Sean McCarthy
464,Jay Schneider
465,Rob Watkins
466,Justin D. Jacobson
467,Tom Cleaver
468,Dan Schnake
469,Adam West
470,Joseph Fatula
471,Will Schoonover
472,Maxime Rambourg
473,Grégory Oliver
474,Alain Epron
475,Laurent Escoffier
476,David Franck
477,J. Alex Kevern
478,Adrian Abela
479,David Chircop
480,Andy Jones
481,Gavin Thorpe
482,Joel Finch
483,Susan McKinley Ross
484,Carl Paradis
485,Justin Blaske
486,Gary Kim
487,Cédric Lefebvre
488,Fabrice Rabellino
489,Dominique Bodin
490,James D'Aloisio
491,Austin Rucker
492,Heinz-Georg Thiemann
493,Brian Train
494,Ken Fisher
495,Steffen Benndorf
496,Günter Cornett
497,Alvydas Jakeliunas
498,Aureliano Buonfino
499,Lorenzo Tucci Sorrentino
500,Bernd Eisenstein
501,Doris Matthäus
502,Frank Nestel
503,Ryan Amos
504,Marc Kelsey
505,Aron West
506,Eric Lee Smith
507,Sean Ross (I)
508,Masaru Aoki
509,Carol Wiseley
510,Naoki Homma
511,Michael Gray
512,Darrell Hardy
513,Matt Hyra
514,Ben Stoll
515,Nicolas Robert
516,Ian Brody
517,Ben Pinchback
518,Matt Riddle
519,Kory Heath
520,Andrew Looney
521,Steve Ellis (II)
522,Dan Verssen
523,Hope S. Hwang
524,Yuri Zhuravljov
525,Connor Reid
526,Yves Tourigny
527,Yann and Clem
528,Yasutaka Ikeda
529,Luigi Ferrini
530,Jean-Christophe Bouvier
531,Grant Dalgliesh
532,Justin Thompson
533,Klaus Miltenberger
534,Chénier La Salle
535,Adam P. McIver
536,Kalle Malmioja
537,Philippe des Pallières
538,Masao Suganuma
539,Larry Harris
540,Evan Derrick
541,Erik Dahlman
542,Satoshi Nakamura
543,Philip duBarry
544,Alan Gerding
545,Sean McCoy
546,Kenneth Minde
547,Walter Schneider
548,Philippe Mouchebeuf
549,Tom McMurchie
550,Ian Cooper (I)
551,Brian Gomez
552,Stephen Avery
553,Tom Vasel
554,Henrik Berg
555,Åse Berg
556,Nicolas Poncin
557,David Sirlin
558,Klemens Kalicki
559,Julien Vergonjeanne
560,Andrew Ruhnke
561,A. J. Porfirio
562,Peter Wichmann
563,Patrick Rothfuss
564,Dominique Ehrhard
565,Duccio Vitale
566,Mario Papini
567,Sami Laakso
568,Yeon-Min Jung
569,Jun-Hyup Kim
570,Andrea Angiolino
571,Pier Giorgio Paglia
572,Nicolas Oury
573,Masato Uesugi
574,Jason B. McAllister
575,David A. Trampier
576,Keren Philosophales
577,Michael Shinall
578,Adam Kwapiński
579,Cyril Demaegd
580,Klaus Palesch
581,Justin De Witt
582,James Vaughan
583,Satish Pillalamarri
584,Harold Buchanan
585,Blaise Muller
586,Jacob Jaskov
587,Klaus Zoch
588,Grzegorz Rejchtman
589,Dave Williams (II)
590,Andy Chambers
591,Rick Priestley
592,Flo de Haan
593,John Rodriguez
594,François Rouzé
595,Derek Carver
596,Pierre Cléquin
597,Kristian Čurla
598,Ralf Burkert
599,Leo Colovini
600,Forest Brown
601,"L. R. ""Butch"" Leeper"
602,Jordan Weisman
603,Bryan Reese
604,Dirk Baumann
605,Corey Young
606,Fréderic Moyersoen
607,Wray Ferrell
608,Denis Blanchot
609,Guillaume Gille-Naves
610,Igor Polouchine
611,Emmanuel Aquin
612,Günter Burkhardt
613,Corné van Moorsel
614,Andrew Fischer
615,Nathan I Hajek
616,Bill Dixon
617,Jacques Zeimet
618,Bauldric & Friends
619,Jared Scarborough
620,Christina Ng Zhen Wei
621,Yeo Keng Leong
622,Fabrice Besson
623,Stefan Kögl
624,Filip Miłuński
625,Daniel Solis
626,TauCeti Deichmann
627,Alice Carroll
628,Jesse Evans
629,Rick Young
630,Rick Holzgrafe
631,Stephen Glenn
632,Erik V Larsen
633,Jesse Li
634,Richard H. Berg
635,John B. Firer
636,Christopher Guild
637,Coleman Charlton
638,Eduardo Baraf
639,Reinhard Staupe
640,Murat Célébi
641,Nicolas Degouy
642,TOT
643,Wolfgang Warsch
644,Paul Laane
645,Mario Porpora
646,Pietro Righi Riva
647,Luca Francesco Rossi
648,Nicolò Tedeschi
649,Thomas Spitzer
650,Robert K. Gabhart
651,Greg Pinder
652,Harry Rowland
653,Gregory M. Smith
654,Susumu Kawasaki
655,Robert Goudie
656,L. Scott Johnson
657,Geoff Engelstein
658,Sydney Engelstein
659,Darwin Bromley
660,Bill Fawcett
661,Joe Babbitt
662,Will M. Baker
663,Curt Crane
664,Jeff Quick
665,Dave Kimmel
666,John Clowdus
667,Ben Petrisor
668,Ben Grossman
669,Steve Marsh (I)
670,Steven Marsh (II)
671,Vincent Tsao
672,Nikola Vrtis
673,Frank Chadwick
674,Alan Emrich
675,Jürgen P. Grunau
676,Hans Raggan
677,Tetsuya Nakamura
678,James Stahler
679,Daniel Alves
680,Patrick Matheus
681,Eurico Cunha Neto
682,Brent Beck
683,Apryl Stott
684,Joe Price
685,JT Smith
686,Carlo A. Rossi
687,Chris Darsaklis
688,Simon Berman
689,David Carl
690,Robert Hawkins
691,Ron Kruzie
692,Brian Putnam
693,Doug Seacat
694,Jason Soles
695,Matt Wilson
696,Brett G. Murrell
697,Thomas Dagenais-Lespérance
698,Jason Kotarski
699,Steve Jackson (I)
700,Marco Pranzo
701,Agnieszka Kopera
702,Andrei Novac
703,Mirko Marchesi
704,Piotr Haraszczak
705,Cédric Millet
706,Alessio Cavatore
707,Tuomas Pirinen
708,Scott Caputo
709,Nate Chatellier
710,Manny Trembley
711,Mark Major
712,Al Newman
713,Ken Gruhl
714,Quentin Weir
715,Thomas Cauët
716,Brad Johnson (I)
717,Emiliano Sciarra
718,Alessandro Lala
719,Paul Randles
720,Daniel Stahl
721,Ron Gibson
722,Lance Gutteridge
723,Philippe Beaudoin
724,Pierre Poissant-Marquis
725,Cliff Bohm
726,Geoff Bottone
727,Colleen Skadl
728,Jeff Alexander
729,David Seay
730,David Williams (I)
731,John Zinser
732,Tim Eisner
733,Daniel Val
734,Konstantinos Kokkinis
735,Sotirios Tsantilas
736,Randall N. Bills
737,Dylan Birtolo
738,Loren Coleman
739,Talon Coleman
740,Cole Wehrle
741,Hagen Dorgathen
742,S. Craig Taylor
743,Makoto Nakajima
744,Adam Starkweather
745,Stefan Kloß
746,Steven Courtemanche
747,Larry Roznai
748,Paul Toyne
749,Alberto Corral
750,Thomas Vuarchex
751,Pierrick Yakovenko
752,Manfred Burggraf
753,Dorothy Garrels
754,Wolf Hoermann
755,Fritz Ifland
756,Werner Scheerer
757,Werner Schlegel
758,John Edwards
759,Chris Birkenhagen
760,John Cadice
761,Deke Stella
762,David Parlett
763,Wolfgang Riedesser
764,Alan D. Ernstein
765,Nathaniel Levan
766,Jens-Peter Schliemann
767,Bernhard Weber
768,Jason Maxwell
769,Guillaume Blossier
770,Thomas Liesching
771,Alban Viard
772,Sébastien Gigaudaut
773,David Rakoto
774,Gutier Lusquiños Rodríguez
775,Dimitris Drakopoulos
776,Peter Burley
777,Robert Abbott
778,Jeff Tidball
779,Alain Ollier
780,Darrell Louder
781,Joel Toppen
782,Tim Harrison
783,Akihiro Itoh
784,Kwaji
785,Daichi Okano
786,Kito Shinma
787,Rob Bontenbal
788,Hal Eccles
789,Will Kenyon
790,Emanuele Ornella
791,Hal Richman
792,Don Beyer
793,Ray Eifler
794,Steve Gross
795,Robin Lees
796,Steve Mackenzie
797,Nico Carroll
798,Sean MacDonald
799,Ben Hull
800,William Jacobson
801,Amanda Kohout
802,Curt Covert
803,Stefano Groppi
804,Ursula Stephan
805,Liz Spain
806,Pantelis Bouboulis
807,藤田 真吾 (Shingo Fujita)
808,Shotaro Nakashima
809,大木基至 (Motoyuki Ohki)
810,Hiromi Oikawa
811,Robert Harris
812,Hermann Luttmann
813,Brian Henk
814,Clayton Skancke
815,Frank West
816,Salvatore Vasta
817,L. Ross Babcock
818,III
819,Sam Lewis
820,Cold FuZion Studios
821,Brian Engelstein
822,Antonio Sousa Lara
823,David V. H. Peters
824,Nicolas Normandon
825,Jeff Beck (II)
826,Jason Harner
827,Matthew Ransom
828,Marcin Krupiński
829,Danilo Sabia
830,Din Li Tsan
831,Josh Cappel
832,Adam Gertzbein
833,Dimitry Davidoff
834,Andrew Plotkin
835,Holger Lanz
836,Marco Teubner
837,Guillaume Lémery
838,Nicolas Schlewitz
839,Luca Ricci
840,Francesco Rotta
841,Bernhard Lach
842,Uwe Rapp
843,Koota Yamada
844,Aaron Haag
845,Jeff Ochs
846,Marsha J. Falco
847,Karol Madaj
848,Christoph Cantzler
849,Glen Frank
850,Bruce Shelley
851,Jeffrey D. Allers
852,Ronald Wettering
853,Jeff Morrow
854,Brian Yu
855,Jaro Andruszkiewicz
856,Waldek Gumienny
857,Rüdiger Koltze
858,Krzysztof Wolicki
859,Carlo Lavezzi
860,Horst-Rainer Rösner
861,Diego Ibañez
862,Loïc Lamy
863,Cory Jones
864,Jakob Bonds
865,Andrea Mainini
866,Richard Lambert
867,Andrew Rilstone
868,James Wallis
869,Jordan Goddard
870,Mandy Goddard
871,Hayato Kisaragi
872,Mark McLaughlin
873,Niek Neuwahl
874,Oliver Sibthorpe
875,Gary Sibthorpe
876,Dan Glimne
877,Peter Adolph
878,Tobias Goslar
879,Roland Goslar
880,Tom Wham
881,Giancarlo Fioretti
882,Mike McVey
883,Brian Snoddy
884,Mike Mullins
885,Chris Handy
886,Mike Langlois
887,Britton Roney
888,Johannes Ackva
889,Max Gabrian
890,Johnny O'Neal
891,Chris O'Neal
892,David Gregg
893,Ron Gonzalo García
894,Heinrich Glumpler
895,Mike Hutton
896,Charles Vasey
897,Tim Pinder
898,Bryan Ansell
899,Aaron Brosman
900,Matthew Burch
901,Masayuki Kudou
902,Mike Nudd
903,Martin Kallenborn
904,Matthias Prinz
905,Mark Chaplin
906,Edgar Cayce
907,Harry Gavitt
908,George S. Parker
909,Gustav Bonds
910,Brian Bennett
911,Robert Żak
912,Albrecht Nolte
913,Kuro
914,Richard Baker
915,Mons Johnson
916,James M. Hewitt
917,Shanon Lyon
918,Marisa Pena
919,Tony Go
920,Kevin Tatroe
921,Erik Yaple
922,Dori Smith
923,Phillip John Smith
924,T. C. Petty
925,Bill Payne
926,Nick Sibicky
927,Richard James
928,Michel Lalet
929,Laurent Levi
930,Brian Tinsman
931,Jonathan Tweet
932,Tom Braunlich
933,Gary Gabrel
934,Arve D. Fühler
935,Simon McGregor
936,Travis Hancock
937,Jeremy Lennert
938,Joseph Miranda
939,John Prados
940,David Brain
941,Bob Brechin
942,Brian Degas
943,Major P.R. Reid M.B.E.
944,M.C.
945,Max J. Kobbert
946,Alf Seegert
947,Wolfgang Lüdtke
948,Josh Wood
949,Kim Satô
950,Keith Baker
951,Théo Rivière
952,Thibaud de la Touanne
953,Jack Degnan
954,Justin Oh
955,Dwight Sullivan
956,Travis R. Chance
957,Nick Little (I)
958,Jürgen Strohm
959,Jake Thornton
960,Johannes Sich
961,Tony Curtis
962,Marcin Senior Ropka
963,Viola Kijowska
964,Jef Gontier
965,Eric B. Vogel
966,Jeff Grubb
967,Jeremy Anderson
968,Kuraki Mura
969,Kevin McPartland
970,Katalin Nimmerfroh
971,Mihály Vincze
972,Jeff Siadek
973,Chuck Kallenbach
974,Tom Lischke
975,Mike Reynolds
976,Robert P. Moore
977,Luke Hooper
978,Michael Larson
979,Del Segura
980,Jakob Andrusch
981,Anthony Conta
982,Laura Robinson
983,Mark Mokszycki
984,Fabio Lopiano
985,Wilko Manz
986,Alfred Mosher Butts
987,Philipp Klarmann
988,Lauge Luchau
989,Doug Kaufman
990,Alfred Leonardi
991,Jerry Darcy
992,Roland L. Tesh
993,Gérard Delfanti
994,Gérard Mathieu
995,Pascal Trigaux
996,Lee Yih
997,Dan Raspler
998,Al Rose
999,Ben Harkins
1000,Yves le Quellec
1001,Nicolas Rident
1002,Andrew Innes
1003,Molly Glover
1004,Anders Tyrland
1005,Olle Tyrland
1006,Mark K. Swanson
1007,Rena Nathanson
1008,Abe Nathanson
1009,Ephraim Hertzano
1010,James B. Wood
1011,Dan Keltner
1012,Thiago Boaventura
1013,Błażej Kubacki
1014,James Hlavaty
1015,Timothy Moore
1016,Christophe Pont
1017,Mike Nagel
1018,Alex Hall
1019,Mat Hart
1020,Richard Loxam
1021,Jim Snyder
1022,Mark H. Walker
1023,Rolf Sagel
1024,André Spil
1025,Patrick Sullivan (II)
1026,Claude Lucchini
1027,Werner Hodel
1028,Michael S. Matheny
1029,Vojkan Krstevski
1030,Ivana Krstevski
1031,Maja Matovska
1032,Toni Toshevski
1033,佐藤 雄介 (Yusuke Sato)
1034,Ulrich Blum
1035,Tom Stasiak
1036,Grafik Studio Krüger
1037,Mike Hummel
1038,Matt Place
1039,Drew Walker (I)
1040,John Welch
1041,Brad Stock
1042,Brian Stock
1043,Torsten Landsvogt
1044,Matteo Santus
1045,Brian Hersch
1046,JR Honeycutt
1047,Dieter Nüßle
1048,Gerhard Hecht
1049,Chih-Fan Chen
1050,Attila Szőgyi
1051,Alan Turoff
1052,Darren Kisgen
1053,Marc Gascoigne
1054,Manfred Ludwig
1055,John LaBelle
1056,Thomas Rabideau
1057,Dave Rabideau
1058,Tobias Stapelfeldt
1059,Ryan Swisher
1060,William Grosselin
1061,Didier Poli
1062,Thomas M. Divoll
1063,John B. Reilly
1064,Bill Sabram
1065,Brad Freeman
1066,Ken Rolston
1067,Eddy Boxerman
1068,Dave Burke
1069,Nikolas Sakaloglou
1070,Volker Schächtele
1071,Phil Hall
1072,John Harshman
1073,Toryo Hojo
1074,N2
1075,Tristan Hall
1076,Stephen V. Cole
1077,Renaud Verlaque
1078,Lutz Stepponat
1079,Christwart Conrad
1080,Shane Steely
1081,Jared Tinney
1082,Christophe Leclercq
1083,Mark Derrick
1084,Dave Fulton
1085,Jacob Tlapek
1086,Saashi
1087,Ralf Lehmkuhl
1088,Dirk Knemeyer
1089,Andy Lewis
1090,René Wiersma
1091,Fabrice Mazza
1092,Friedemann de Pedro
1093,Andrew McNeil
1094,Ryan Spangler
1095,Sean Spangler
1096,Barry Yearsley
1097,Alessandro Zucchini
1098,Thomas Odenhoven
1099,Matthias Schmitt
1100,Tomas Flodén
1101,Jordi Gené
1102,Gregorio Morales
1103,Nick Kellet
1104,Doug Bass
1105,Antonio Catalán
1106,Joseph McCullough
1107,Bill Podurgiel
1108,Ted Terranova
1109,Lin Lutke-Glanemann
1110,Matt Anderson
1111,Nathan Caroland
1112,Redd Cohen
1113,Aaron Darland
1114,Justin Gibbs
1115,David Hanold
1116,Eric Johns
1117,Mack Martin
1118,Dan Weber
1119,Daniel Hodges (I)
1120,Ian D. Wilson
1121,Alex Churchill
1122,Hassan Lopez
1123,Chris Leder
1124,Martyn F
1125,Phil Yates
1126,Bill King
1127,Nigel Stillman
1128,Chad Ellis
1129,James J. St. Laurent
1130,Monte Cook
1131,Seth Johnson
1132,Jon Leitheusser
1133,Eddie Robbins
1134,Jim Dunnigan
1135,Darin A. Leviloff
1136,Nick Karp
1137,Simone Cerruti Sola
1138,Ethan Fleischer
1139,Andrea Meyer
1140,Erik Nielsen
1141,Robert J. Kuntz
1142,Michael Rinella
1143,Kalle Krenzer
1144,David McKenzie
1145,Barry Nakazono
1146,Tom W. Green
1147,Stephen C. Smith
1148,Enrico Pesce
1149,Federica Rinaldi
1150,Shaun Derrick
1151,Katharine Chapman
1152,H. Jean Vanaise
1153,Dean Bass
1154,Chris Colston
1155,Paul Murphy
1156,John Coveyou
1157,Mark Gerrits
1158,Stéphane Vachon
1159,Christopher Kirkman
1160,Rudy Seuntjens
1161,Robert G. Markham
1162,Mark Seaman
1163,Werner Ernst George Muller
1164,Christoph Toussaint
1165,Paolo Parente
1166,Olivier Zamfirescu
1167,Salvatore Pierucci
1168,Lipschitzz
1169,Thierry Denoual
1170,Ben Knight
1171,James Mathe
1172,Brad Brooks
1173,Adam E. Daulton
1174,P. D. Magnus
1175,Kris Gould
1176,Mikko Punakallio
1177,Dan Sanfilippo
1178,Phil Kelly
1179,Brien J. Miller
1180,Rory O'Connor
1181,Robert Doyle
1182,Philip C. Barker
1183,Sue Laflin Barker
1184,Richard Bodley Scott
1185,Lee Brimmicombe-Wood
1186,Matt Burchfield
1187,Grant Wylie
1188,Mike Wylie
1189,Brian Shotton
1190,Kenny Sims
1191,Spartaco Albertarelli
1192,Łukasz Woźniak
1193,Dox Lucchin
1194,Pedro Latro
1195,Patrick Lysaght
1196,Daniel Berger (I)
1197,François Combe
1198,Gilles Lehmann
1199,Rebecca Bleau
1200,Nicholas Cravotta
1201,Dustin DePenning
1202,Kirsten Becker
1203,John Gibson
1204,Martino Chiacchiera
1205,Silvano Sorrentino
1206,Dave Chalker
1207,Geoffrey Mott-Smith
1208,Mark Latham
1209,Roberto Pestrin
1210,Emely Brand
1211,Lukas Brand
1212,Richard Denning
1213,Peter Eggert
1214,Aamir Syed
1215,Omar Syed
1216,Prospero Hall
1217,Bart Van Dijk
1218,Sam Waller
1219,Dave Clark (I)
1220,Randall C. Reed
1221,Nick Smith (I)
1222,Nick Sauer
1223,jim pinto
1224,Miranda Evarts
1225,R. S. Erickson
1226,Thomas F. Erickson
1227,Mike Richie
1228,Grace Parker
1229,James Eastham
1230,Robert Couch
1231,Jesper Bülow
1232,Catherine Dumas
1233,Pascal Pelemans
1234,Luke Peterschmidt
1235,Manuel Correia
1236,Mike Gnade
1237,Alexandar Guerov
1238,Ledha Guerova
1239,Eric Solomon
1240,Gaetano Evola
1241,Rosanna Leocata
1242,Dean Essig
1243,Bill Cooke
1244,Asger Johansen
1245,Michael Meier-Bachl
1246,Matthew Grosso
1247,Andy Patton
1248,Michael Eskue
1249,Bruno Crépeault
1250,John Harrington
1251,Tylar Allinder
1252,Chris Darden
1253,Keith Meyers
1254,Perepau Llistosella
1255,Koichi Yamazaki
1256,Yu-Chen Tseng
1257,Eros Lin
1258,Billy Stevenson
1259,Joey Vigour
1260,Arnaud Urbon
1261,Ludovic Vialla
1262,Angelo Zucca
1263,Alan Paull
1264,Carlo Bortolini
1265,Alexandre Garcia
1266,Kevin G. Nunn
1267,Hannu Uusitalo
1268,Douglas Seaton
1269,Neil Zimmerer
1270,Aaron Vanderbeek
1271,Steve Brewster
1272,Richard Brady
1273,Andrew Federspiel
1274,Hans van Tol
1275,Chad Irby
1276,Lucas Hedgren
1277,Karen Boginski
1278,Jody Boginski-Barbessi
1279,Kenneth C. Shannon
1280,Craig Bartell
1281,Tim Flowers
1282,Mark A. Campbell
1283,Andrei Burago
1284,Michael Feldkötter
1285,Domingo Cabrero
1286,Carlos López
1287,Santi Santisteban
1288,Sophia Wagner
1289,Dean Conrad
1290,John Streets
1291,Rudi Hoffmann
1292,James M. Day
1293,Fel Barros
1294,Christophe Madura
1295,Alexandru Olteanu
1296,Travis Worthington
1297,Benjamin Schwer
1298,J. H. G. Hendriks
1299,Manny O'Donnell
1300,Erin McDonald
1301,Christian Strain
1302,Gordon Calleja
1303,Robert Bradley
1304,Herschel Hoffmeyer
1305,ginkgo
1306,Matt Loomis
1307,Isaac Shalev
1308,Kevin Bishop
1309,Amanda Birkinshaw
1310,Jean-François Lassonde
1311,Joseph M. Balkoski
1312,Marek Mydel
1313,Piotr Stankiewicz
1314,Mark Kwasny
1315,Robert Burke
1316,John Poniske
1317,Mat Brinkman
1318,Jochen Hartmann
1319,Nate Hayden
1320,Peter Steinke
1321,Martin Wieland
1322,Dave Friedrichs
1323,Roger Burten
1324,Alan Coleman
1325,Vincent A. A. J. Erato
1326,Walter Obert
1327,Johannes Schmidauer-König
1328,Henri Kermarrec
1329,Gunter Eickert
1330,Dean Halley
1331,Luther Bell Hendricks V
1332,Matthieu Lanvin
1333,Alexander Huemer
1334,Zong-Hua Yang (Bob)
1335,Bertram Kaes
1336,Brian Suhre
1337,Edward Fear
1338,K. C. Humphrey
1339,Jim Griffin
1340,Elaine Henninger
1341,Joe Roznai
1342,Barb Roznai
1343,Andrea Sfiligoi
1344,Michelle Schanen
1345,Hubert Bartos
1346,Łukasz S. Kowal
1347,Erik Burigo
1348,Mike McManaway
1349,Keith Richmond
1350,Gene Billingsley
1351,Rodger B. MacGowan
1352,Steven Aramini
1353,Thomas Rauscher
1354,Martin Schlegel
1355,Martin Ebel
1356,Francesco Sirocchi
1357,Saar Shai
1358,Dan Cunningham
1359,Rafał Cywicki
1360,Krzysztof Cywicki
1361,Krzysztof Hanusz
1362,Douglas Malewicki
1363,Michael Stackpole
1364,Guan Chih Huang
1365,Gary Arant
1366,Brigitte Ditt
1367,Wolfgang Ditt
1368,Joseph Reiser
1369,Ekaterina Gorn
1370,Igor Sklyuev
1371,Iori Tsukinami (月並いおり)
1372,Joe Van Wetering
1373,John Coussis
1374,Michele Mura
1375,Rod Miller
1376,Fred Schachter
1377,B. Sinigaglio
1378,Steve Weiss
1379,Michael Bennighof
1380,David Chott
1381,Fabrice Vandenbogaerde
1382,Marc Gouyon-Rety
1383,David G. D. Hecht
1384,Christoph Reiser
1385,Sebastian Resl
1386,Jacques Johan Mogendorff
1387,Josh Derksen
1388,Thomas M. Gofton
1389,Dan Hoang
1390,Aron Murch
1391,Cameron Parkinson
1392,Nick Blain
1393,Will Donovan
1394,Jon M. Tuffley
1395,Greg Olotka
1396,Anna-Marie Nelson
1397,Scott Nelson
1398,Michael R. Keller
1399,Thomas Prowell
1400,David E. Whitcher
1401,Riccardo Guerra
1402,Giulio Guerra
1403,Marco Mutta
1404,Galen Ciscell
1405,Thomas H. Jung
1406,"Jacek ""Darken"" Gołębiewski"
1407,Tim Hutchings
1408,Mathew Sisson
1409,Hanno Kuhn
1410,Wilfried Kuhn
1411,Alex Bykov
1412,David Gómez Relloso
1413,Ralph H. Anderson
1414,Marianna Fulvi
1415,Elena Prette
1416,Wolfgang A. Lehmann
1417,Jason Topolski
1418,Samuel Strick
1419,Jeffrey Breslow
1420,Howard J. Morrison
1421,Rouben Terzian
1422,Danny Holte
1423,Legend Dan Hoffman
1424,Michael Michaels
1425,Randy Rathert
1426,Guglielmo Duccoli
1427,Matthew Ma
1428,Steven Poelzing
1429,David Dockter
1430,Tim Armstrong (I)
1431,Steve Newhouse
1432,Dan Baden
1433,Skaff Elias
1434,Gilbert Obermair
1435,Panagiotis Zinoviadis
1436,Anna Oppolzer
1437,Howard Barasch
1438,Ulrich Weyel
1439,Josep M. Allué
1440,Víktor Bautista i Roca
1441,Bruce Harper
1442,Alexandre Buchel
1443,Alex Crispin
1444,Thomas Pike
1445,James Shelton
1446,John W. Mollett
1447,Lewis Waterman
1448,Anthony Burch
1449,Mark Rivera
1450,Charlie Krank
1451,ANJAR
1452,Chuck Kennedy
1453,Bruce Lund
1454,Mike Belles
1455,Mattox Shuler
1456,Ursula Kramer
1457,Takashi Ishida
1458,Oliver Kiley
1459,David Heath
1460,Jeff Lewis
1461,Mark Corsey
1462,Josh Dillon
1463,Daniel Dranove
1464,Eli Halpern
1465,Ben Hantoot
1466,David Munk
1467,David Pinsof
1468,Eliot Weinstein
1469,Robert Dijkman Dulkes
1470,Matt Golec
1471,Yannick Massa
1472,Kenichi Tanabe
1473,David B. Bromley
1474,Firmino Martínez
1475,Jean Bey
1476,Nicolas Fructus
1477,Florent Maudoux
1478,Adrian Smith
1479,Kevin Walker
1480,Richard Wright
1481,Alessia Zambonin
1482,David A. Fox
1483,Michael Welker
1484,Paul Barclay
1485,Aaron Forsythe
1486,Alexey Konnov
1487,Alexey Paltsev
1488,Anatoliy Shklyarov
1489,Trehgrannik
1490,Jeremiah Lee
1491,Jim Keifer
1492,Johannes Goslar
1493,Holger Bösch
1494,Wojtek Krupnik
1495,Wojtek Wojcik
1496,Kirsten Hiese
1497,Craig Browne (I)
1498,Stéphane Boudin
1499,Monty Stambler
1500,Ann Stambler
1501,Gary Chalk
1502,Tony Webster
1503,Thomas Klausner
1504,Timo Multamäki
1505,Steve Kosakowski
1506,Mick Ado
1507,Angelika Fassauer
1508,Peter Haluszka
1509,Pete Haines
1510,Nathanael Mortensen
1511,Yoshiteru Shinohara
1512,Ed Wimble
1513,Takumi Akabane
1514,Tsunekaz Ishihara
1515,Mike Donais
1516,Paul Sottosanti
1517,Stephan Hess
1518,Gabriel Ecoutin
1519,Greg Costikyan
1520,Fabian Zimmermann
1521,Matthew Inman
1522,Elan Lee
1523,Shane Small
1524,Glenn Rahman
1525,Kenneth Rahman
1526,Matthew Moore
1527,Lance Hill
1528,Mr. Bistro
1529,Randy Heller
1530,Matthew Parkes
1531,Daniel A. George (I)
1532,Peter-Paul Joopen
1533,M. Robert Stribula
1534,紅陽 (Kouyou)
1535,John Kisner
1536,Hans Mielants
1537,Loren Roznai
1538,Pitt Crandlemire
1539,Klaus Westerhoff
1540,Seamus Finn
1541,Hermann Huber
1542,François Haffner
1543,Andrew Doull
1544,Jon Manker
1545,Benoit Turpin
1546,Charlie Bink
1547,David G. Royffe
1548,Christopher Hamm
1549,Anthony F. Buccini
1550,Redmond A. Simonsen
1551,Scott de Brestian
1552,Jon Southard
1553,Valentijn Eekels
1554,Sebastiaan van den Roovaart
1555,Didier Dhorbait
1556,John Werner
1557,Claude Soucie
1558,Danny Devine
1559,Zachary Eagle
1560,Benoit Bannier
1561,Dirk Liekens
1562,Michail Antonow
1563,Nick Hayes
1564,Piet Hein
1565,John Nash
1566,Thomas Denmark
1567,Marco Valtriani
1568,Víctor Fernández
1569,Gorka Mata
1570,Sergi Solé Pascual
1571,Evan Song
1572,Jim Bailey
1573,Heinz Meister
1574,Przemysław Świerczyński
1575,Jose Garcia
1576,Robin D. Laws
1577,Edward Sindelar
1578,Jordan Draper
1579,Olivier Warnier
1580,Marc W. Miller
1581,Czarnè
1582,Robert Sun
1583,Kurt Keckley
1584,Arturo Garcia
1585,Michał Jagodziński
1586,Anneliese Farkaschovsky
1587,Teale Fristoe
1588,Chris Lawson
1589,Federico Vellani
1590,Max Valembois
1591,Pierre-Yves Lebeau
1592,Jon Sudbury
1593,Morten Andersen
1594,Tina Christensen
1595,Robert Bonde Jensen
1596,Lone Gram Larsen
1597,Troels Vastrup
1598,Ronald Hoekstra
1599,Thomas Jansen
1600,Patrick Zuidhof
1601,Tom Herrschaft
1602,Kevin Barrett
1603,Michael Mulvihill
1604,Paul MacKinnon
1605,Larry Pinsky
1606,Lindsley Schutz
1607,Mark Miklos
1608,Guido Hoffmann
1609,Yehuda Berlinger
1610,Bryan Fischer
1611,John Sizemore
1612,Brent Spivey
1613,Jan Zalewski
1614,Simon Cogan
1615,Peter Minder
1616,Damien Desnous
1617,John Cooper
1618,Alfred Viktor Schulz
1619,Joshua J Mills
1620,Jordan Sorenson
1621,Anthony Shaheen
1622,Kat Kimoundri
1623,Nathan Loos
1624,Jonathan Mariucci
1625,Jeff Smets
1626,Christian Fiore
1627,Knut Happel
1628,Simon Hunt
1629,J. Arthur Ellis
1630,Alfredo Genovese
1631,Atsuo Yoshizawa
1632,Olivier Rolko
1633,Mandy Henning
1634,Melissa Limes
1635,Andrew Bryceson
1636,Scott Nicholson
1637,David Ekberg
1638,Brian Berg Asklev Hansen
1639,Peter Corless
1640,Frank DiLorenzo
1641,Sebastian Kozak
1642,Michal Kozak
1643,Michal Marciniak
1644,Maciej Owsianny
1645,Andreas Kuhnekath
1646,Dieter Danziger
1647,Peter Morrison
1648,Jesse Catron
1649,Sam Coates
1650,Marek Loskot
1651,Jan Soukal
1652,Jodi Soares
1653,Brian Poel
1654,David J. Mortimer
1655,"G. W. ""Jerry"" D'Arcey"
1656,Andy Hopwood
1657,Jason Hawkins
1658,Erik Smith
1659,Scott Smith (I)
1660,David Ausloos
1661,Michael Hurley
1662,Curtis Baer
1663,Proyecto Enigma
1664,Segundo Santos
1665,Christof Tisch
1666,Göran Björkman
1667,Stefan Ekström
1668,Dennis Hoyle
1669,Kyle Daniel
1670,Grzegorz Okliński
1671,Tom Oleson
1672,Charly Cazals
1673,John Gordon
1674,Phil Fry
1675,Leigh Caple
1676,Jim Felli
1677,Jean-Marie Albert
1678,Scott Slomiany
1679,Łukasz M. Pogoda
1680,Joshua Gerald Balvin
1681,Tonton Z
1682,Naotaka Shimamoto
1683,Yoshiaki Tomioka
1684,Andrew Hackard
1685,Chris Withers
1686,Krzysztof Zięba
1687,Jim Barnes
1688,Manlio Manzini
1689,Norbert Proena
1690,Cliff Kamarga
1691,Jane Ruemmele
1692,Anselm Ostertag
1693,Joli Quentin Kansil
1694,Ray Frigard
1695,Henri Sala
1696,Antonio Ferrara
1697,Sebastiano Fiorillo
1698,David Harding (II)
1699,Cyrille Leroy
1700,Jeep Barnett
1701,Domenico Di Giorgio
1702,Bill Crenshaw
1703,Guy Haley
1704,Pascal Petit
1705,Stephen Sauer
1706,Marc Klerner
1707,Florian Racky
1708,Graeme Davis
1709,team SAIEN
1710,Vance von Borries
1711,Kristin Looney
1712,Paul Kluka
1713,Riff Conner
1714,Nathan Phoenix
1715,Knut Grünitz
1716,Don Munro
1717,Adam Sblendorio
1718,Mataio Wilson
1719,Erika Svanoe
1720,Joe Huber (I)
1721,Evan Jones
1722,Milan Tasevski
1723,Ugo Di Meglio
1724,Sergio Guerri
1725,Paul Cockburn
1726,Jeremy White
1727,J. D. Webster
1728,Josh Lamont
1729,Jérôme Rigal
1730,Matthew Ward
1731,Sean Äaberg
1732,Eric Radey
1733,Marcin Tomczyk
1734,Gene Mackles
1735,Hiroaki Suzuki
1736,Eiji Wakasugi
1737,Wolfgang Werner
1738,Michael McGinnis
1739,Yuichi Sakashita
1740,Josh Lytle
1741,Dylan Mayo
1742,Christopher Medina
1743,Ken Pilcher
1744,Gary Graber
1745,Madoka Kitao
1746,Rhuadrhi Oliver
1747,Mauro Pane
1748,Vince D'Amelio
1749,Joe Morrissey
1750,Doug Woolsey
1751,Edward Curran
1752,Frank Davis
1753,Anders M. Petersen
1754,Ian Richard
1755,Evan Davis (I)
1756,Zach Greenvoss
1757,Amanda Greenvoss
1758,Francesco Giovo
1759,Andrew Haught
1760,John Astell
1761,Rich Banner
1762,Steve Carey
1763,Christopher Batarlis
1764,Jim Samartino
1765,Nate Heiss
1766,Willis P. Carpenter
1767,Garrett J. Donner
1768,Michael S. Steer
1769,Mick (Mike) Uhl
1770,Bob Kalinowski
1771,Mike Wokasch
1772,Ryan Miller
1773,Mauricio Vismona
1774,Mauricio Miyaji
1775,Fabiano Onça
1776,Jeff Billings
1777,Mike Billings
1778,David S. Neft
1779,Dr. Thomas Nicely
1780,Jake Given
1781,Zach Given
1782,Jonathan Ritter-Roderick
1783,Dennis Rappel
1784,Tom Quinn
1785,Ted Quinn
1786,Mark Sherry
1787,Stuart Sisk
1788,Dan Manfredini
1789,Cielo d'Oro
1790,Virginia Charves
1791,Diego M. Lobariñas Criserá
1792,Adrián Ferreiro
1793,Fabrice Beghin
1794,Frédéric Delporte
1795,Jake Staines
1796,Stephen C. Jackson
1797,Wade Broadhead
1798,Heinz Wüppen
1799,Tom Decker
1800,András Drozdy
1801,Gombos Gergely
1802,Gergely Kruppa
1803,Chris Marling
1804,Scott Porter
1805,Bryce Porter
1806,Albert A. Nofi
1807,Alberto Abal
1808,Jesús Fuster
1809,David Rosillo
1810,Chris James (I)
1811,Andrew Korson
1812,John Howarth
1813,Trevor Jones
1814,Richard Wilkins
1815,Ross Maker
1816,Dave Wesely
1817,Gilbert Collins
1818,Dave Stiffler
1819,Mitchell Land
1820,Doug Reuter
1821,David Wilkinson
1822,Bruce S. Maxwell
1823,Richard J. Trup
1824,Bruce Sterten
1825,Eric Hanuise
1826,Peter Struijf
1827,Stephen Gibson
1828,Sean Scott Garrity
1829,Tyler Sigman
1830,Steven Cunliffe
1831,Florian Sirieix
1832,Pete Shirey
1833,Hans Kishel
1834,Sean Druelinger
1835,Ivan Prat
1836,Per Gauding
1837,Mary Flanagan
1838,Zara Downs
1839,Max Seidman
1840,Glenn Ford
1841,Mike Hutchinson
1842,Danny S. Parker
1843,Simon Cutforth
1844,Marco Pozzi
1845,Marta Ciaccasassi
1846,Jay Meyer
1847,Olivier Revenu
1848,Jarek Ewertowski
1849,Grzegorz Oleksy
1850,Conor McGoey
1851,Philip Sabin
1852,Ran Ackels
1853,Edi Birsan
1854,Paul Brown
1855,John Hart
1856,David Hewitt
1857,John Myler
1858,Kevin Tewart
1859,Chris Childs
1860,Tony Richardson
1861,Patrick Stevens
1862,Alex Stevens
1863,Barry W. Doyle
1864,Brian L. Knipple
1865,David G. Watts
1866,Phil Orbanes Sr.
1867,Robert Corbett
1868,Greg Stafford
1869,Friedhelm Krahwinkel
1870,Kevin Zucker
1871,David L. Smith
1872,Takashi Hamada
1873,Kenji Shimojima
1874,Michael Donais
1875,Wil Dijkstra
1876,Ben van Dijk
1877,Masahiro Yamazaki
1878,Robert Auerochs
1879,Frederick A. Herschler
1880,George Buckenham
1881,Alex Fleetwood
1882,Elwood Thomas Baker
1883,Charles Graham Baker
1884,François-Stanislas Thomas
1885,Sergio Aragonés
1886,Ken Whitman
1887,Don Herndon
1888,Neil Randall
1889,Nikolay Pegasov
1890,Frank Branham
1891,Sandi West
1892,Gottardo Zancani
1893,Michael Dreiling
1894,Marcos Macri
1895,Adam Troke
1896,Jeremy Vetock
1897,Krzysztof Matusik
1898,Nadezhda Penkrat
1899,Yury Yamshchikov
1900,Vladimír Brummer
1901,Matthew Kirby
1902,Mark Alan Osterhaus
1903,Al Sandrick
1904,Jesse Labbe
1905,Jim Doherty
1906,Peter C. Hayward
1907,Luís Brüeh
1908,J. C. Connors (I)
1909,Stefano Cavanè
1910,Petre Tutunea
1911,Haim Shafir
1912,Ken Rush
1913,Artyom Nichipurov
1914,John W. Fuseler
1915,Giuseppe Baù
1916,Yves Hirschfeld
1917,Gilles Monnet
1918,David Thompson (I)
1919,Skott Kilander
1920,Brian S. Roe
1921,Dean Brown
1922,Terry Doherty
1923,Mark Klassen
1924,Seth Carus
1925,Russell Vane
1926,Lynn Willis
1927,Jerry Shiles
1928,Walter Zamkauskas
1929,Björn Rabenstein
1930,Johann Rüttinger
1931,Frank Thyben
1932,Michele Quondam
1933,Alex Berry
1934,David Illescas
1935,Ludovic Gaillard
1936,Norman Woods
1937,Daniel Callister
1938,Pawn
1939,Tanja Engel
1940,Sara Engel
1941,Alan Wambold
1942,Luca Bellini
1943,Luis Álvaro Hernández
1944,Alvar Sanz
1945,Aaron Lauster
1946,Benjamin Teuber
1947,Projekt Team III
1948,Javier Velásquez
1949,John Haward
1950,Hartmut Kommerell
1951,Konstantin Krivenko
1952,Michael Resch
1953,Neal Schlaffer
1954,Sean Brown
1955,Neil Fawcett
1956,James Flack
1957,Julian Glover
1958,Alain Padfield
1959,Franco Sammarco
1960,Derek Sinclair
1961,Nobutake Dogen
1962,Nao Shimamura
1963,Heikki Harju
1964,Javier Romero
1965,Daniel Quodbach
1966,Eric Hotz
1967,Jack Lawson
1968,Andrew Lawson
1969,Christoph Behre
1970,Justin Brunetto
1971,C. Calhoun
1972,William Fortin
1973,Dennis Greci
1974,Mary Leonardi
1975,Nancy Loomis
1976,Hal McKinney
1977,Paul S. Weintraub
1978,Sławomir Stępień
1979,József Dorsonczky
1980,C. Simon Reid
1981,Gavin Birnbaum
1982,David F. Tepool
1983,Wm. John Wheeler
1984,Walter Vejdovsky
1985,Fernando Abad
1986,Cristyn Magnus
1987,Reinhold Wittig
1988,David A. Powell
1989,Leeson George
1990,Shane Lacy Hensley
1991,Kirk Uhlmann
1992,Chris Townley
1993,Oliver Schaaf
1994,Tara Gallagher
1995,Mike Nystul
1996,Bryan Nystul
1997,Howard Thompson
1998,Rich Hasenauer
1999,Simon Knock
2000,Robert Yates
2001,Juraj Bilich
2002,Giorgio De Michele
2003,Marco Bing
2004,Terence Peter Donnelly
2005,Andrew Sheerin
2006,Andrew Tompkins
2007,Ray Tapio
2008,Scott W. Leibbrandt
2009,Christoph Bauer
2010,Andrea Mezzotero
2011,Steve Bennett
2012,Judy Martin
2013,Dirk Blennemann
2014,Tim Taylor
2015,Arron Watts
2016,Juliana Patel
2017,Ariel Rubin
2018,Brian Leet
2019,Kevin Worden
2020,Max Kleinschroth
2021,Philipp Rösch
2022,Tilman Schneider
2023,Michael Cieslinski
2024,Roger Miller
2025,Jun Tajima
2026,Terry Simo
2027,Matt Wolfe
2028,Matt Mette
2029,ゆお (Yuo)
2030,William Julius Champion Jr.
2031,Mark Goadrich
2032,Brett Myers
2033,Tobias Gohrbandt
2034,Heiko Günther
2035,Fred Binkitani
2036,Gary Gygax
2037,Larry Kessling
2038,David R. Megarry
2039,S. Schwab
2040,Steve Winter
2041,Alberto Abudinen
2042,Diego Benavente
2043,Ketty Galleguillos
2044,Jacobo Cagigal
2045,Don Bone
2046,Calie Esterhuyse
2047,Alex Putfin
2048,Jan Daněk
2049,Jiří Daněk
2050,Jan Dřevíkovský
2051,Filip Kozák
2052,Kryštof Kozák
2053,Jan Kozák
2054,Steve Dixon
2055,Shawn Rife
2056,Whit Alexander
2057,Richard Tait
2058,Vincent Jouanneau
2059,Jean-Pierre Nicolas
2060,Simon Havard
2061,Sheamus Parkes
2062,J. A. Nelson
2063,André Perriolat
2064,Theo Coster
2065,Ora Coster
2066,Theora Design
2067,Jonathan Franklin
2068,J. Stephen Peek
2069,Jason Miceli
2070,Don Green
2071,Tom Schoeps
2072,Michael D. Kelley
2073,Anton Dresden
2074,Buzz Siler
2075,Dan Shapiro
2076,John Bohrer
2077,Momo Besedic
2078,Albert Lamorisse
2079,Michael I. Levin
2080,Zhu Rong
2081,Larry Levy
2082,Yukihiro Kuroda
2083,Hans-Peter Stoll
2084,Harold E. Hock
2085,Jean-René Vernes
2086,Andrés J. Voicu
2087,Meelis Looveer
2088,Stefan Alexander
2089,Drew Chamberlain
2090,Christos Giannakoulas
2091,Manolis Zachariadis
2092,Marcel Lupin
2093,Jeff Lai
2094,Cynthia Bodin
2095,Bastiaan Brederode
2096,Cephas Howard
2097,Piero Cioni
2098,Henrik Strandberg
2099,Pieter Boots
2100,Jack Darwid
2101,Tom Kruszewski
2102,Wei-Min Ling
2103,Christian Lemay
2104,Patrick Gere
2105,Nico Pirard
2106,Claude Leroy
2107,Elwin Charpentier
2108,Didier Dincher
2109,Antler Productions
2110,Jay Moriarty
2111,Jürgen Kohl
2112,Tim Page
2113,Julien Prothière
2114,Gerd Deininger
2115,Andreas Michaelis
2116,Nina Paley
2117,Pierre Jacquot
2118,Christian Beierer
2119,Arnold Hendrick
2120,Philip Tavel
2121,Dan Tibbles
2122,Chris Gosselin
2123,Chris Kreuter
2124,David D'Arcey
2125,Frank Thibault
2126,Eli Håkansson
2127,Peter Bogdasarian
2128,Jason Medina
2129,Allen Chang
2130,Alistair Kearney
2131,Charles S. Roberts
2132,Jim Deacove
2133,Matthew Campbell
2134,Steffen Mühlhäuser
2135,Don Lloyd
2136,Murray Eskenazi
2137,Gerard Mulder
2138,Fabrizio Bonifacio
2139,Riccardo Crosa
2140,Massimiliano Enrico
2141,Chiara Ferlito
2142,Dave Townsend
2143,Robert Leonhard
2144,Tushar Gheewala
2145,Keith Avallone
2146,Daniel Rocchi
2147,Klaus Geis
2148,Nick Richardson
2149,Brian Youse
2150,Beth Queman
2151,John Wrot!
2152,Kim Kanger
2153,Daniel Windfeld Schmidt
2154,Douglas Niles
2155,François Bruel
2156,Paul Nobles
2157,Matt Robinson
2158,Keith Rentz
2159,Pau Carles
2160,Walter Toncar
2161,Florian Fay
2162,Michał Sieńko
2163,Taran Lewis Kratz
2164,Nick Street
2165,Martin Vaux
2166,Filippo Chirico
2167,Fred Buestchler
2168,Pesu Nabeno
2169,Paolo Di Stefano
2170,Gabriel Gendron
2171,Jason D. Kingsley
2172,Charles C. Wright
2173,Julian Allain
2174,Jean-Baptiste Fremaux
2175,Thomas Luzurier
2176,Paul-Adrien Tournier
2177,Aleksander Biela
2178,Kyle Battle
2179,Ken Griffin
2180,Russ Rupe
2181,Scott Fisher
2182,Dave Schueler
2183,Katsumasa Tomioka
2184,T. O'Neill
2185,Brad Hessel
2186,David James Ritchie
2187,Stephan Riedel
2188,Taiki Shinzawa (新澤 大樹)
2189,Marco Fuini
2190,Keith Gross
2191,Adam Mnich
2192,Tim Roediger
2193,David Luis Sanhueza
2194,Leonard Boyd
2195,David Brashaw
2196,Brandon Beran
2197,Alberto Menoncin
2198,Silvio Negri-Clementi
2199,Carl Mayer
2200,Rick Heli
2201,Shayne Logan
2202,Jens Kappe
2203,Matthieu Berthier
2204,Peter Neugebauer
2205,Ramy Badie
2206,Bevan Clatworthy
2207,Timofey Shargorodskiy
2208,Clint Herron
2209,Ed Teixeira
2210,Monte Mattson
2211,Dennis A. Spors
2212,Michael Lipton
2213,Harry Obst
2214,Nigel Buckle
2215,Richard Onanian
2216,Daniel Fremgen
2217,Roger Heyworth
2218,Rob Angel
2219,Markus Kropf
2220,Chris Bayliss
2221,Jack Dire
2222,Kimmo Sorsamo
2223,Byron Collins
2224,Dave LeLacheur
2225,Michael Seal
2226,Søren Schaffstein
2227,Marco Portugal
2228,Anders Fager
2229,Lars Johansson
2230,Julian Anstey
2231,Richard Kane
2232,Mike Ruttler
2233,Thomas Pouchin
2234,Odet L'Homer
2235,Konstantinos Iovis
2236,Lefteris Iroglidis
2237,Ioannis Stamatis
2238,Karl Lepp
2239,Julianne Lepp
2240,Chris Zinsli
2241,Suzanne Zinsli
2242,Chris Janiec
2243,Piotr Siłka
2244,Shun
2245,David J. Lewis
2246,Michael Garton
2247,John McLaughlin
2248,Martin Arnold
2249,Armin Müller
2250,Dan Campagna
2251,Marc Ripoll
2252,Rocco Privetera
2253,Vera Baumeister
2254,Maxime Tardif
2255,Alex Medeiros
2256,Cole Medeiros
2257,Cameron Browne
2258,Olivier Grégoire
2259,Thibaut Quintens
2260,Thomas N. Shaw
2261,Michael Hetherington
2262,Christopher Worth
2263,Greg Lam
2264,Simon Junker
2265,Douglas Schulz
2266,Edward J. Woods
2267,Filip Głowacz
2268,Ireneusz Huszcza
2269,Frank Bebenroth
2270,Yan Yegorov
2271,Andy Hoare
2272,Bill Madison
2273,Stefanie Rohner
2274,Christian Wolf
2275,Anthony Amato
2276,Nicole Kline
2277,Anton Karger
2278,Craig Zipse
2279,Pete Abrams
2280,CD Projekt
2281,Dick Seitz
2282,Tony Gullotti
2283,Joshua Sprung
2284,Jason Tagmire
2285,Art Lupinacci
2286,Thierry Chapeau
2287,Marco Legato
2288,Francesco Testini
2289,Brendan Evans
2290,Peter Gousis
2291,Przemek Wojtkowiak
2292,Kevin Wylie
2293,Anthony E. Pratt
2294,Christian Freeling
2295,Neal Sofge
2296,Michael Wasson
2297,Daniel Fryxelius
2298,Thomas Fryxelius
2299,Servando Carballar
2300,Philippe Thibaut
2301,Remo Conzadori
2302,Nestore Mangone
2303,Jeff Gracia
2304,Ed Rains
2305,Paul Dangel
2306,Mathew Hinkle
2307,Joseph Kisenwether
2308,Micah Fuller
2309,Francisco Ronco
2310,Mike Carr
2311,Dan Mings
2312,Carl Willner
2313,Steve Blease
2314,Gioacchino Prestigiacomo
2315,Aza Chen
2316,Frédéric Guérard
2317,Manuel D. Cruz Díaz
2318,Antonio J. Dionisio
2319,Joe Alread
2320,Michael Girard
2321,Evan Lorentz
2322,Kendrick Summers
2323,Mark Sims
2324,Philippe Proux
2325,Mark Calin Caliman
2326,Jarmo Kuitunen
2327,Martti Ojalainen
2328,Tray Green
2329,Dawn Payn
2330,Jani Moliis
2331,Tero Moliis
2332,Emanuele Santandrea
2333,Anthony Rubbo
2334,Guy Hail
2335,Jonathan Peletis
2336,Alan J. Ray
2337,Stephen R. Welch
2338,Leif Steiestol
2339,Ken Stevens
2340,Arty Conliffe
2341,Kolja Sparrer
2342,Roger Nord
2343,Pascal Toupy
2344,Brent Vincent
2345,Néstor Romeral Andrés
2346,Kouji Kimura
2347,Tom Russell
2348,Scott Hungerford
2349,Peter Hansson
2350,Paul Van Hove
2351,Liesbeth Vanzeir
2352,Olivier Chanry
2353,Michel Pinon
2354,Roberta Taylor
2355,Dan Letzring
2356,François Vander Meulen
2357,C. Aaron Kreader
2358,Nicole Jekich
2359,Luke Turpeinen
2360,Trevor Benjamin
2361,Shaun Graham
2362,Scott Huntington
2363,Stephen DeBaun
2364,Jeff Arbough
2365,Michael Knight
2366,Dave Ploense
2367,Claude Weber
2368,Carl White
2369,Mark Hinkle
2370,Toivo Rovainen
2371,Sean Cahill
2372,Jon Lonngren
2373,Randy Hoyt
2374,Karl Marcelle
2375,Bruce Nesmith
2376,Angèle Maublanc
2377,Ty Douds
2378,Terry Goodchild
2379,Behrooz Shahriari
2380,Alex Bagosy
2381,CW Karstens
2382,Martin Knight
2383,Babis Giannios
2384,Maxim Istomin
2385,Ivan Popov
2386,James F. Goff
2387,John Fiore
2388,Dale Walton
2389,David Villegas
2390,Christopher Witt
2391,Krista Witt
2392,Paweł Niziołek
2393,Jarosław Wajs
2394,Mark Guttag
2395,Gary C. Morgan
2396,Deborah Boss
2397,Max Holliday
2398,Serge Macasdar
2399,James Trunzo
2400,Tom Trunzo
2401,Frank Crittin
2402,Grégoire Largey
2403,Christian Tiggemann
2404,Anne-Marie De Witt
2405,Konstantin Seleznev
2406,Anthony Daamen
2407,"Emiliano ""Wentu"" Venturini"
2408,Brent Critchfield
2409,James Kyle
2410,Elisa Teague
2411,Edward Horn
2412,Phil Foglio
2413,Ty Bomba
2414,Tony Chen
2415,Irad B. Hardy
2416,Arnaud Ladagnous
2417,Marc Brunnenkant
2418,折口 日向 (Hinata Origuchi)
2419,Jaron Frost
2420,Doug McNair
2421,Johnny Ebsen
2422,Kai Haferkamp
2423,Hermann Wieland
2424,David Bush
2425,Jim Simon
2426,Anthony Williams
2427,Gregory Carslaw
2428,Brian Kohrman
2429,Werner Falkhof
2430,Jeb Havens
2431,Raymond Lau
2432,Casey Sershon
2433,Wes Erni
2434,Ben Madison
2435,Bono Light
2436,Kyle Weinandy
2437,Brad Defruiter
2438,Angelo Porazzi
2439,Thomas J. Mosbø
2440,Coral J. F. Mosbø
2441,Ian Livingstone
2442,Jason Schneider
2443,Carmen Kleinert
2444,Nicolas Assenbrunner
2445,Thomas Robert Van der Heiden
2446,Bill Martinson
2447,Jason Robinette
2448,Wesley Lamont
2449,Alex Barbieri
2450,Richard Spence
2451,Nicolas Sato
2452,Laurence Gamelin
2453,Philippe Gamelin
2454,Bernhard Naegele
2455,Andy Geremia
2456,Jeff London
2457,Lee Forester
2458,Wig Graves
2459,Walter E. Johnston
2460,IV
2461,Walter Kraul
2462,Zvi Shalem
2463,Gali Shimoni
2464,Sarah Reed
2465,Will Reed
2466,Donald Benge
2467,Jack Carmichael
2468,Guido Eckhof
2469,Scott Diehl
2470,David Lankton
2471,Tsai Huei-Chiang
2472,Laurent Closier
2473,S. Spencer
2474,Thorsten Löpmann
2475,Andreas Wetter
2476,Roland LeBlanc
2477,Joe Angiolillo
2478,P. Boinske
2479,Paco Yanez
2480,Luish Moraes Coelho
2481,Mike Wilks
2482,Clayton Grey
2483,W. A. Thomas
2484,Mike Petty
2485,Chris Lombardi
2486,Coryn Lombardi
2487,Cyril Blondel
2488,Jim Dratwa
2489,Elad Goldsteen
2490,David Boniffacy
2491,Andrew Bond
2492,Ian Stedman
2493,Fritz Bronner
2494,John Olsen
2495,Robert L. Sassone
2496,Leonard Quam
2497,Sylvie Barc
2498,Los Rodriguez
2499,"Steven ""Razlo"" Bailey"
2500,Francisco Gallego Arredondo
2501,Ken Burnside
2502,Eric Finley
2503,Tony Valle
2504,Colleen Macklin
2505,John Sharp
2506,Greg Powers
2507,Brian Powers
2508,Ronald Hofstätter
2509,Dietmar Keusch
2510,Martyn Oliver
2511,Colin Thornton
2512,Sean McGuire
2513,Thomas McGuire
2514,Steve Kingsbury
2515,Francis K. Lalumiere
2516,Walter H. Hunt
2517,Gregory M. Pozerski
2518,Jack Coleman
2519,Alessandro Fontana
2520,Lisandro Nembrini
2521,Gonzalo Rodrigo
2522,Mike Young
2523,Jose Antonio Abascal Acebo
2524,Nathan Kilgore
2525,Warny Marçano
2526,Keiji Kariya
2527,Hitoshi Yasuda
2528,Boston Logical Society
2529,W. W. Swilling
2530,Manfred Schuling
2531,David C. Isby
2532,David Gerrard
2533,Tyler Bielman
2534,Albie Fiore
2535,Dave Wylie
2536,Rex A. Martin
2537,Craig Sandercock
2538,Mike Hayes
2539,Larry Bond
2540,Chris Carlson
2541,Joe Bisio
2542,Christian Giove
2543,Romaric Galonnier
2544,Jun'ichi Sato
2545,Timothy B. Brown
2546,Troy Denning
2547,Jason Boomer
2548,Robert Coggins
2549,Andrew Christopher Enriquez
2550,Simon Hall
2551,Terry Shaw
2552,B. Dennis Sustare
2553,Kazuhito Miyaki
2554,Yusuke Watanabe
2555,Nate Bivins
2556,Jeremie Kletzkine
2557,Martin Nedergaard Andersen
2558,Graeme Jahns
2559,Constantine Kevorque
2560,Francesco Berardi
2561,David Harvey
2562,Jorge Valenzuela Palacios
2563,Artem Safarov
2564,Todd Breitenstein
2565,Kerry Breitenstein
2566,Rob Beyma
2567,Boyd Schorzman
2568,Jack Greene
2569,Nathalie Saunier
2570,Rémi Saunier
2571,Tony Cimino
2572,Stephen Schubert
2573,Richard Clarke
2574,Florence Fraga
2575,Perry Moore
2576,Dick Rustin
2577,George Chastain
2578,Jason Coffey
2579,Chuck Kroegel
2580,Ron Dubren
2581,Johannes Zirm
2582,Michael Coe
2583,Petr Bělík
2584,EULER'S GAME
2585,Eric Lyons
2586,Mateusz Albricht
2587,Rick Fish
2588,Andrew Hanson
2589,Eduardo García Martín
2590,Kris McCardel Ware
2591,Gabriel J. Cohn
2592,Bryan Winter
2593,Luke Crane
2594,Loren Cunningham
2595,Jamie Cunningham
2596,Piergennaro Federico
2597,Robert Cutter
2598,Dave Schroeder (II)
2599,Can Adatepe
2600,Sean Rumble
2601,Alan Perry
2602,Michael Perry
2603,Kristin Mückel
2604,Yohan Goh
2605,Rodrigo González
2606,Athena Cagle
2607,Jasn Painter
2608,Eason Kao
2609,Marie Fort
2610,Wilfried Fort
2611,David Schroeder
2612,Anima Studio
2613,Carlos B. García Aparício
2614,Ben Christenson
2615,Patrick Christenson
2616,Yven Nogicatt
2617,Hans von Stockhausen
2618,Lenny Glynn
2619,Chris Bryan
2620,Rob Bartel
2621,Yoshihisa Itsubaki
2622,Alex Weldon
2623,William L. Banks
2624,Shane Willis
2625,David Wyman
2626,Gary Mroczka
2627,Jason Glover
2628,Jon Mietling
2629,Rich Koehler
2630,Gary Crowley
2631,Herman Haverkort
2632,Tamara Jannink
2633,Jeff Glickman
2634,Mr. Kageyama
2635,Jog Kung
2636,Huang Yi Ming
2637,David Rene Miller
2638,Bruce Costello
2639,Yoshiyuki Arai (あらいよしゆき)
2640,Tor Abrahamsen
2641,Dave Casper
2642,Daniel Mersey
2643,Dieter Stein
2644,Trevor Truran
2645,Christiane Knepel
2646,Pascal Cadot
2647,Ken Jacobsen
2648,Ernesto Sassot
2649,Bill Wordelmann
2650,Eric Poses
2651,Philip A. Markgraf
2652,Shawn Carpenter
2653,Robby Carpenter
2654,Frank Alberts
2655,Russell Ng
2656,Stephen A. Cuyler
2657,Roberto Grasso
2658,Alexander Boucharelis
2659,Israel Cendrero
2660,Sheila Santos
2661,Tom Bleys
2662,Ian Van Gemeren
2663,Bart Waeterschoot
2664,Seth Roback
2665,Klaus Grähnke
2666,Brian Walker
2667,Morgan Dontanville
2668,Laurence A. Groves
2669,Sjaak Griffioen
2670,Daniel Danzer
2671,Rich Gowell
2672,Keewoong Kim
2673,Jose D. Flores
2674,Geoff Girouard
2675,Kurt Martin
2676,Brett Brimmer
2677,Sean Dallas McDonald
2678,Christian Heuser
2679,Jochen Schwinghammer
2680,Frédéric Bey
2681,Lee Ju-Hwa
2682,Leandro Félix
2683,Kinetic
2684,KniffDesign
2685,Maja Dorn
2686,Dave Mansell
2687,Michael Gustavsson
2688,R. Wayne Schmittberger
2689,Julien Faubet
2690,Sylvain Hatesse
2691,Stéphane Maurel
2692,Simon Forrest
2693,Mike Foley (I)
2694,Barron Vangor Toth
2695,Stuart McCorquodale
2696,Mark Wheatley
2697,Laurent Guenette
2698,Fabio Del Rio
2699,Paolo Del Rio
2700,Mike Nielsen
2701,Scott Martin (III)
2702,Todd Medema
2703,Jesper Myrfors
2704,John Tynes
2705,John Stallard
2706,Ted Cheatham
2707,Nagy Balázs
2708,Agnès Largeaud
2709,Andrzej Kurek
2710,Clint Bohaty
2711,Mark Frazier
2712,Stanley Kubiak
2713,Winston J. Kubiak
2714,Andrew Harman
2715,José Carlos de Diego Guerrero
2716,Gerhard Junker
2717,Sam Brown
2718,Gordon Alford
2719,Antonio Scrittore
2720,Alessandro Saragosa
2721,Peter Jones (I)
2722,Ron Draker
2723,Antony Brown
2724,Ray Freeman
2725,Manfred Reindl
2726,Jean-Thomas Rioux
2727,Étienne Rioux
2728,Matt Worden
2729,Frank Brandt
2730,Peter Ventura
2731,Bruss Brussco
2732,Alexander Lauck
2733,Nick Bentley
2734,James Cooke Brown
2735,Jim Long
2736,Philippe Leonard
2737,Jürgen Mayer
2738,Seiemon Nunoura
2739,Liu Xiao
2740,Luca Cammisa
2741,Frédéric Colombier
2742,Sam-goo
2743,Johan Benvenuto
2744,Nicolas Bourgoin
2745,Bryan Johnson
2746,Roberto Mancino
2747,R. D. Lee
2748,T.L. Simons
2749,Bruno de Scorraille
2750,Vincent Everaert
2751,Sean Chick
2752,Udo Peise
2753,Ulrike Catty
2754,Paul Catty
2755,Hans Führer
2756,Maria Führer
2757,Ernst Führer
2758,Christian Zoli
2759,Hartmut Witt
2760,Jocularis
2761,Jim Geldmacher
2762,Dennis Kirps
2763,Jean-Claude Pellin
2764,David Freeman
2765,Larry V. Brom
2766,Cédric Barbé
2767,Sebastián Koziner
2768,David Graham
2769,Mike Naylor
2770,Alexandre Droit
2771,Jochen Scherer
2772,Mike Breault
2773,Dave LaForce
2774,Michael Duffield
2775,Marcus Ross
2776,Cara Ryan
2777,Leandro Pires
2778,Clark Browning
2779,Marco Pecota
2780,Derrick Villeneuve
2781,Erik Kjerland
2782,Franz Josef Lamminger
2783,Desnet Amane
2784,Hegedűs Csaba
2785,Julien Sentis
2786,Emmanuel Manuro
2787,Boris Polonsky
2788,Jonathon Loucks
2789,Robert J. Hudecek
